N,P,K,temperature,humidity,ph,rainfall,label
0.72,0.36,0.34,23.4,78,6.28,2.02,rice
0.76,0.45,0.44,24.2,82,6.4,2.26,rice
0.8,0.54,0.4,25,86,6.52,2.08,rice
0.84,0.42,0.36,25.8,80,6.28,2.32,rice
0.88,0.51,0.46,26.6,84,6.4,2.14,rice
0.72,0.39,0.42,23.4,78,6.52,2.38,rice
0.76,0.48,0.38,24.2,82,6.28,2.2,rice
0.8,0.36,0.34,25,86,6.4,2.02,rice
0.84,0.45,0.44,25.8,80,6.52,2.26,rice
0.88,0.54,0.4,26.6,84,6.28,2.08,rice
0.42,0.26,0.24,18.4,56,6.68,0.72,wheat
0.46,0.35,0.34,19.2,60,6.8,0.96,wheat
0.5,0.44,0.3,20,64,6.92,0.78,wheat
0.54,0.32,0.26,20.8,58,6.68,1.02,wheat
0.58,0.41,0.36,21.6,62,6.8,0.84,wheat
0.42,0.29,0.32,18.4,56,6.92,1.08,wheat
0.46,0.38,0.28,19.2,60,6.68,0.9,wheat
0.5,0.26,0.24,20,64,6.8,0.72,wheat
0.54,0.35,0.34,20.8,58,6.92,0.96,wheat
0.58,0.44,0.3,21.6,62,6.68,0.78,wheat
0.67,0.31,0.19,22.4,61,6.08,0.82,maize
0.71,0.4,0.29,23.2,65,6.2,1.06,maize
0.75,0.49,0.25,24,69,6.32,0.88,maize
0.79,0.37,0.21,24.8,63,6.08,1.12,maize
0.83,0.46,0.31,25.6,67,6.2,0.94,maize
0.67,0.34,0.27,22.4,61,6.32,1.18,maize
0.71,0.43,0.23,23.2,65,6.08,1,maize
0.75,0.31,0.19,24,69,6.2,0.82,maize
0.79,0.4,0.29,24.8,63,6.32,1.06,maize
0.83,0.49,0.25,25.6,67,6.08,0.88,maize
1.02,0.36,0.44,25.4,61,5.98,0.62,cotton
1.06,0.45,0.54,26.2,65,6.1,0.86,cotton
1.1,0.54,0.5,27,69,6.22,0.68,cotton
1.14,0.42,0.46,27.8,63,5.98,0.92,cotton
1.18,0.51,0.56,28.6,67,6.1,0.74,cotton
1.02,0.39,0.52,25.4,61,6.22,0.98,cotton
1.06,0.48,0.48,26.2,65,5.98,0.8,cotton
1.1,0.36,0.44,27,69,6.1,0.62,cotton
1.14,0.45,0.54,27.8,63,6.22,0.86,cotton
1.18,0.54,0.5,28.6,67,5.98,0.68,cotton
0.32,0.51,0.69,20.4,51,6.88,0.52,chickpea
0.36,0.6,0.79,21.2,55,7,0.76,chickpea
0.4,0.69,0.75,22,59,7.12,0.58,chickpea
0.44,0.57,0.71,22.8,53,6.88,0.82,chickpea
0.48,0.66,0.81,23.6,57,7,0.64,chickpea
0.32,0.54,0.77,20.4,51,7.12,0.88,chickpea
0.36,0.63,0.73,21.2,55,6.88,0.7,chickpea
0.4,0.51,0.69,22,59,7,0.52,chickpea
0.44,0.6,0.79,22.8,53,7.12,0.76,chickpea
0.48,0.69,0.75,23.6,57,6.88,0.58,chickpea
0.12,0.61,0.14,19.4,61,5.88,0.92,kidneybeans
0.16,0.7,0.24,20.2,65,6,1.16,kidneybeans
0.2,0.79,0.2,21,69,6.12,0.98,kidneybeans
0.24,0.67,0.16,21.8,63,5.88,1.22,kidneybeans
0.28,0.76,0.26,22.6,67,6,1.04,kidneybeans
0.12,0.64,0.22,19.4,61,6.12,1.28,kidneybeans
0.16,0.73,0.18,20.2,65,5.88,1.1,kidneybeans
0.2,0.61,0.14,21,69,6,0.92,kidneybeans
0.24,0.7,0.24,21.8,63,6.12,1.16,kidneybeans
0.28,0.79,0.2,22.6,67,5.88,0.98,kidneybeans
0.17,0.46,0.19,25.4,56,6.38,1.02,pigeonpeas
0.21,0.55,0.29,26.2,60,6.5,1.26,pigeonpeas
0.25,0.64,0.25,27,64,6.62,1.08,pigeonpeas
0.29,0.52,0.21,27.8,58,6.38,1.32,pigeonpeas
0.33,0.61,0.31,28.6,62,6.5,1.14,pigeonpeas
0.17,0.49,0.27,25.4,56,6.62,1.38,pigeonpeas
0.21,0.58,0.23,26.2,60,6.38,1.2,pigeonpeas
0.25,0.46,0.19,27,64,6.5,1.02,pigeonpeas
0.29,0.55,0.29,27.8,58,6.62,1.26,pigeonpeas
0.33,0.64,0.25,28.6,62,6.38,1.08,pigeonpeas
0.92,0.71,0.44,25.4,76,6.08,1.62,banana
0.96,0.8,0.54,26.2,80,6.2,1.86,banana
1,0.89,0.5,27,84,6.32,1.68,banana
1.04,0.77,0.46,27.8,78,6.08,1.92,banana
1.08,0.86,0.56,28.6,82,6.2,1.74,banana
0.92,0.74,0.52,25.4,76,6.32,1.98,banana
0.96,0.83,0.48,26.2,80,6.08,1.8,banana
1,0.71,0.44,27,84,6.2,1.62,banana
1.04,0.8,0.54,27.8,78,6.32,1.86,banana
1.08,0.89,0.5,28.6,82,6.08,1.68,banana
0.12,0.21,0.14,26.4,51,6.38,0.77,mango
0.16,0.3,0.24,27.2,55,6.5,1.01,mango
0.2,0.39,0.2,28,59,6.62,0.83,mango
0.24,0.27,0.16,28.8,53,6.38,1.07,mango
0.28,0.36,0.26,29.6,57,6.5,0.89,mango
0.12,0.24,0.22,26.4,51,6.62,1.13,mango
0.16,0.33,0.18,27.2,55,6.38,0.95,mango
0.2,0.21,0.14,28,59,6.5,0.77,mango
0.24,0.3,0.24,28.8,53,6.62,1.01,mango
0.28,0.39,0.2,29.6,57,6.38,0.83,mango
0.12,0.56,0.14,21.4,51,6.68,0.42,lentil
0.16,0.65,0.24,22.2,55,6.8,0.66,lentil
0.2,0.74,0.2,23,59,6.92,0.48,lentil
0.24,0.62,0.16,23.8,53,6.68,0.72,lentil
0.28,0.71,0.26,24.6,57,6.8,0.54,lentil
0.12,0.59,0.22,21.4,51,6.92,0.78,lentil
0.16,0.68,0.18,22.2,55,6.68,0.6,lentil
0.2,0.56,0.14,23,59,6.8,0.42,lentil
0.24,0.65,0.24,23.8,53,6.92,0.66,lentil
0.28,0.74,0.2,24.6,57,6.68,0.48,lentil
0.92,0.16,0.24,21.4,74,5.88,1.72,coffee
0.96,0.25,0.34,22.2,78,6,1.96,coffee
1,0.34,0.3,23,82,6.12,1.78,coffee
1.04,0.22,0.26,23.8,76,5.88,2.02,coffee
1.08,0.31,0.36,24.6,80,6,1.84,coffee
0.92,0.19,0.32,21.4,74,6.12,2.08,coffee
0.96,0.28,0.28,22.2,78,5.88,1.9,coffee
1,0.16,0.24,23,82,6,1.72,coffee
1.04,0.25,0.34,23.8,76,6.12,1.96,coffee
1.08,0.34,0.3,24.6,80,5.88,1.78,coffee
