crop,pest,temperature_c,humidity_pct,rainfall_mm,soil_moisture_pct,pest_count,etl,risk
Cotton,Jassid,22,45,20,25,0.2,1,low
Cotton,Whitefly,22.7,46.1,21.3,26.7,2.25,5,low
Cotton,Thrips,23.4,47.2,22.6,28.4,6.75,9,low
Rice,Leaf Folder,24.1,48.3,23.9,30.1,1.9,2,low
Rice,Hispa,24.8,49.4,25.2,31.8,1.1,1,medium
Maize,Aphid,25.5,50.5,26.5,33.5,6.75,5,high
Maize,Jassid,26.2,51.6,27.8,35.2,9,5,high
Potato,Aphid,26.9,52.7,29.1,36.9,7.2,3,high
Potato,Jassid,27.6,53.8,30.4,38.6,0.6,3,low
Potato,Whitefly,28.3,54.9,31.7,40.3,4.5,10,low
Sesame,Whitefly,29,56,33,42,3.75,5,low
Sesame,Jassid,29.7,57.1,34.3,43.7,0.95,1,low
Sesame,Thrips,30.4,58.2,35.6,45.4,5.5,5,medium
Mango,Scales,31.1,59.3,36.9,47.1,67.5,50,high
Citrus,Whitefly,31.8,60.4,38.2,48.8,18,10,high
Citrus,Aphid,32.5,61.5,39.5,50.5,12,5,high
Wheat,Aphid,33.2,62.6,40.8,52.2,5,25,low
Sugarcane,Whitefly,33.9,63.7,42.1,53.9,4.5,10,low
Cotton,Jassid,34.6,64.8,43.4,55.6,0.75,1,low
Cotton,Whitefly,35.3,65.9,44.7,57.3,4.75,5,low
Cotton,Thrips,36,67,46,59,9.9,9,medium
Rice,Leaf Folder,36.7,68.1,47.3,60.7,2.7,2,high
Rice,Hispa,22.4,69.2,48.6,62.4,1.8,1,high
Maize,Aphid,23.1,70.3,49.9,64.1,12,5,high
Maize,Jassid,23.8,71.4,51.2,65.8,1,5,low
Potato,Aphid,24.5,72.5,52.5,67.5,1.35,3,low
Potato,Jassid,25.2,73.6,53.8,69.2,2.25,3,low
Potato,Whitefly,25.9,74.7,55.1,70.9,9.5,10,low
Sesame,Whitefly,26.6,75.8,56.4,72.6,5.5,5,medium
Sesame,Jassid,27.3,76.9,57.7,74.3,1.35,1,high
Sesame,Thrips,28,78,59,76,9,5,high
Mango,Scales,28.7,79.1,60.3,77.7,120,50,high
Citrus,Whitefly,29.4,80.2,61.6,79.4,2,10,low
Citrus,Aphid,30.1,81.3,62.9,81.1,2.25,5,low
Wheat,Aphid,30.8,82.4,64.2,82.8,18.75,25,low
Sugarcane,Whitefly,31.5,83.5,65.5,84.5,9.5,10,low
Cotton,Jassid,32.2,84.6,66.8,86.2,1.1,1,medium
Cotton,Whitefly,32.9,85.7,68.1,87.9,6.75,5,high
Cotton,Thrips,33.6,86.8,69.4,89.6,16.2,9,high
Rice,Leaf Folder,34.3,87.9,70.7,26.3,4.8,2,high
Rice,Hispa,35,89,72,28,0.2,1,low
Maize,Aphid,35.7,90.1,73.3,29.7,2.25,5,low
Maize,Jassid,36.4,91.2,74.6,31.4,3.75,5,low
Potato,Aphid,22.1,92.3,75.9,33.1,2.85,3,low
Potato,Jassid,22.8,93.4,77.2,34.8,3.3,3,medium
Potato,Whitefly,23.5,94.5,78.5,36.5,13.5,10,high
Sesame,Whitefly,24.2,45.6,79.8,38.2,9,5,high
Sesame,Jassid,24.9,46.7,81.1,39.9,2.4,1,high
Sesame,Thrips,25.6,47.8,82.4,41.6,1,5,low
Mango,Scales,26.3,48.9,83.7,43.3,22.5,50,low
Citrus,Whitefly,27,50,85,45,7.5,10,low
Citrus,Aphid,27.7,51.1,86.3,46.7,4.75,5,low
Wheat,Aphid,28.4,52.2,87.6,48.4,27.5,25,medium
Sugarcane,Whitefly,29.1,53.3,88.9,50.1,13.5,10,high
Cotton,Jassid,29.8,54.4,90.2,51.8,1.8,1,high
Cotton,Whitefly,30.5,55.5,91.5,53.5,12,5,high
Cotton,Thrips,31.2,56.6,92.8,55.2,1.8,9,low
Rice,Leaf Folder,31.9,57.7,94.1,56.9,0.9,2,low
Rice,Hispa,32.6,58.8,95.4,58.6,0.75,1,low
Maize,Aphid,33.3,59.9,96.7,60.3,4.75,5,low
Maize,Jassid,34,61,98,62,5.5,5,medium
Potato,Aphid,34.7,62.1,99.3,63.7,4.05,3,high
Potato,Jassid,35.4,63.2,100.6,65.4,5.4,3,high
Potato,Whitefly,36.1,64.3,101.9,67.1,24,10,high
Sesame,Whitefly,36.8,65.4,103.2,68.8,1,5,low
Sesame,Jassid,22.5,66.5,104.5,70.5,0.45,1,low
Sesame,Thrips,23.2,67.6,105.8,72.2,3.75,5,low
Mango,Scales,23.9,68.7,107.1,73.9,47.5,50,low
Citrus,Whitefly,24.6,69.8,108.4,75.6,11,10,medium
Citrus,Aphid,25.3,70.9,109.7,77.3,6.75,5,high
Wheat,Aphid,26,72,21,79,45,25,high
Sugarcane,Whitefly,26.7,73.1,22.3,80.7,24,10,high
Cotton,Jassid,27.4,74.2,23.6,82.4,0.2,1,low
Cotton,Whitefly,28.1,75.3,24.9,84.1,2.25,5,low
Cotton,Thrips,28.8,76.4,26.2,85.8,6.75,9,low
Rice,Leaf Folder,29.5,77.5,27.5,87.5,1.9,2,low
Rice,Hispa,30.2,78.6,28.8,89.2,1.1,1,medium
Maize,Aphid,30.9,79.7,30.1,25.9,6.75,5,high
Maize,Jassid,31.6,80.8,31.4,27.6,9,5,high
Potato,Aphid,32.3,81.9,32.7,29.3,7.2,3,high
Potato,Jassid,33,83,34,31,0.6,3,low
Potato,Whitefly,33.7,84.1,35.3,32.7,4.5,10,low
Sesame,Whitefly,34.4,85.2,36.6,34.4,3.75,5,low
Sesame,Jassid,35.1,86.3,37.9,36.1,0.95,1,low
Sesame,Thrips,35.8,87.4,39.2,37.8,5.5,5,medium
Mango,Scales,36.5,88.5,40.5,39.5,67.5,50,high
Citrus,Whitefly,22.2,89.6,41.8,41.2,18,10,high
Citrus,Aphid,22.9,90.7,43.1,42.9,12,5,high
Wheat,Aphid,23.6,91.8,44.4,44.6,5,25,low
Sugarcane,Whitefly,24.3,92.9,45.7,46.3,4.5,10,low
Cotton,Jassid,25,94,47,48,0.75,1,low
Cotton,Whitefly,25.7,45.1,48.3,49.7,4.75,5,low
Cotton,Thrips,26.4,46.2,49.6,51.4,9.9,9,medium
Rice,Leaf Folder,27.1,47.3,50.9,53.1,2.7,2,high
Rice,Hispa,27.8,48.4,52.2,54.8,1.8,1,high
Maize,Aphid,28.5,49.5,53.5,56.5,12,5,high
Maize,Jassid,29.2,50.6,54.8,58.2,1,5,low
Potato,Aphid,29.9,51.7,56.1,59.9,1.35,3,low
Potato,Jassid,30.6,52.8,57.4,61.6,2.25,3,low
Potato,Whitefly,31.3,53.9,58.7,63.3,9.5,10,low
Sesame,Whitefly,32,55,60,65,5.5,5,medium
Sesame,Jassid,32.7,56.1,61.3,66.7,1.35,1,high
Sesame,Thrips,33.4,57.2,62.6,68.4,9,5,high
Mango,Scales,34.1,58.3,63.9,70.1,120,50,high
Citrus,Whitefly,34.8,59.4,65.2,71.8,2,10,low
Citrus,Aphid,35.5,60.5,66.5,73.5,2.25,5,low
Wheat,Aphid,36.2,61.6,67.8,75.2,18.75,25,low
Sugarcane,Whitefly,36.9,62.7,69.1,76.9,9.5,10,low
Cotton,Jassid,22.6,63.8,70.4,78.6,1.1,1,medium
Cotton,Whitefly,23.3,64.9,71.7,80.3,6.75,5,high
Cotton,Thrips,24,66,73,82,16.2,9,high
Rice,Leaf Folder,24.7,67.1,74.3,83.7,4.8,2,high
Rice,Hispa,25.4,68.2,75.6,85.4,0.2,1,low
Maize,Aphid,26.1,69.3,76.9,87.1,2.25,5,low
Maize,Jassid,26.8,70.4,78.2,88.8,3.75,5,low
Potato,Aphid,27.5,71.5,79.5,25.5,2.85,3,low
Potato,Jassid,28.2,72.6,80.8,27.2,3.3,3,medium
Potato,Whitefly,28.9,73.7,82.1,28.9,13.5,10,high
Sesame,Whitefly,29.6,74.8,83.4,30.6,9,5,high
Sesame,Jassid,30.3,75.9,84.7,32.3,2.4,1,high
Sesame,Thrips,31,77,86,34,1,5,low
Mango,Scales,31.7,78.1,87.3,35.7,22.5,50,low
Citrus,Whitefly,32.4,79.2,88.6,37.4,7.5,10,low
Citrus,Aphid,33.1,80.3,89.9,39.1,4.75,5,low
Wheat,Aphid,33.8,81.4,91.2,40.8,27.5,25,medium
Sugarcane,Whitefly,34.5,82.5,92.5,42.5,13.5,10,high
Cotton,Jassid,35.2,83.6,93.8,44.2,1.8,1,high
Cotton,Whitefly,35.9,84.7,95.1,45.9,12,5,high
Cotton,Thrips,36.6,85.8,96.4,47.6,1.8,9,low
Rice,Leaf Folder,22.3,86.9,97.7,49.3,0.9,2,low
Rice,Hispa,23,88,99,51,0.75,1,low
Maize,Aphid,23.7,89.1,100.3,52.7,4.75,5,low
Maize,Jassid,24.4,90.2,101.6,54.4,5.5,5,medium
Potato,Aphid,25.1,91.3,102.9,56.1,4.05,3,high
Potato,Jassid,25.8,92.4,104.2,57.8,5.4,3,high
Potato,Whitefly,26.5,93.5,105.5,59.5,24,10,high
Sesame,Whitefly,27.2,94.6,106.8,61.2,1,5,low
Sesame,Jassid,27.9,45.7,108.1,62.9,0.45,1,low
Sesame,Thrips,28.6,46.8,109.4,64.6,3.75,5,low
Mango,Scales,29.3,47.9,20.7,66.3,47.5,50,low
Citrus,Whitefly,30,49,22,68,11,10,medium
Citrus,Aphid,30.7,50.1,23.3,69.7,6.75,5,high
Wheat,Aphid,31.4,51.2,24.6,71.4,45,25,high
Sugarcane,Whitefly,32.1,52.3,25.9,73.1,24,10,high
Cotton,Jassid,32.8,53.4,27.2,74.8,0.2,1,low
Cotton,Whitefly,33.5,54.5,28.5,76.5,2.25,5,low
Cotton,Thrips,34.2,55.6,29.8,78.2,6.75,9,low
Rice,Leaf Folder,34.9,56.7,31.1,79.9,1.9,2,low
Rice,Hispa,35.6,57.8,32.4,81.6,1.1,1,medium
Maize,Aphid,36.3,58.9,33.7,83.3,6.75,5,high
Maize,Jassid,22,60,35,85,9,5,high
Potato,Aphid,22.7,61.1,36.3,86.7,7.2,3,high
Potato,Jassid,23.4,62.2,37.6,88.4,0.6,3,low
Potato,Whitefly,24.1,63.3,38.9,25.1,4.5,10,low
Sesame,Whitefly,24.8,64.4,40.2,26.8,3.75,5,low
Sesame,Jassid,25.5,65.5,41.5,28.5,0.95,1,low
Sesame,Thrips,26.2,66.6,42.8,30.2,5.5,5,medium
Mango,Scales,26.9,67.7,44.1,31.9,67.5,50,high
Citrus,Whitefly,27.6,68.8,45.4,33.6,18,10,high
Citrus,Aphid,28.3,69.9,46.7,35.3,12,5,high
Wheat,Aphid,29,71,48,37,5,25,low
Sugarcane,Whitefly,29.7,72.1,49.3,38.7,4.5,10,low
Cotton,Jassid,30.4,73.2,50.6,40.4,0.75,1,low
Cotton,Whitefly,31.1,74.3,51.9,42.1,4.75,5,low
Cotton,Thrips,31.8,75.4,53.2,43.8,9.9,9,medium
Rice,Leaf Folder,32.5,76.5,54.5,45.5,2.7,2,high
Rice,Hispa,33.2,77.6,55.8,47.2,1.8,1,high
Maize,Aphid,33.9,78.7,57.1,48.9,12,5,high
Maize,Jassid,34.6,79.8,58.4,50.6,1,5,low
Potato,Aphid,35.3,80.9,59.7,52.3,1.35,3,low
Potato,Jassid,36,82,61,54,2.25,3,low
Potato,Whitefly,36.7,83.1,62.3,55.7,9.5,10,low
Sesame,Whitefly,22.4,84.2,63.6,57.4,5.5,5,medium
Sesame,Jassid,23.1,85.3,64.9,59.1,1.35,1,high
Sesame,Thrips,23.8,86.4,66.2,60.8,9,5,high
Mango,Scales,24.5,87.5,67.5,62.5,120,50,high
Citrus,Whitefly,25.2,88.6,68.8,64.2,2,10,low
Citrus,Aphid,25.9,89.7,70.1,65.9,2.25,5,low
Wheat,Aphid,26.6,90.8,71.4,67.6,18.75,25,low
Sugarcane,Whitefly,27.3,91.9,72.7,69.3,9.5,10,low
Cotton,Jassid,28,93,74,71,1.1,1,medium
Cotton,Whitefly,28.7,94.1,75.3,72.7,6.75,5,high
Cotton,Thrips,29.4,45.2,76.6,74.4,16.2,9,high
Rice,Leaf Folder,30.1,46.3,77.9,76.1,4.8,2,high
Rice,Hispa,30.8,47.4,79.2,77.8,0.2,1,low
Maize,Aphid,31.5,48.5,80.5,79.5,2.25,5,low
Maize,Jassid,32.2,49.6,81.8,81.2,3.75,5,low
Potato,Aphid,32.9,50.7,83.1,82.9,2.85,3,low
Potato,Jassid,33.6,51.8,84.4,84.6,3.3,3,medium
Potato,Whitefly,34.3,52.9,85.7,86.3,13.5,10,high
Sesame,Whitefly,35,54,87,88,9,5,high
Sesame,Jassid,35.7,55.1,88.3,89.7,2.4,1,high
Sesame,Thrips,36.4,56.2,89.6,26.4,1,5,low
Mango,Scales,22.1,57.3,90.9,28.1,22.5,50,low
Citrus,Whitefly,22.8,58.4,92.2,29.8,7.5,10,low
Citrus,Aphid,23.5,59.5,93.5,31.5,4.75,5,low
Wheat,Aphid,24.2,60.6,94.8,33.2,27.5,25,medium
Sugarcane,Whitefly,24.9,61.7,96.1,34.9,13.5,10,high
Cotton,Jassid,25.6,62.8,97.4,36.6,1.8,1,high
Cotton,Whitefly,26.3,63.9,98.7,38.3,12,5,high
Cotton,Thrips,27,65,100,40,1.8,9,low
Rice,Leaf Folder,27.7,66.1,101.3,41.7,0.9,2,low
Rice,Hispa,28.4,67.2,102.6,43.4,0.75,1,low
Maize,Aphid,29.1,68.3,103.9,45.1,4.75,5,low
Maize,Jassid,29.8,69.4,105.2,46.8,5.5,5,medium
Potato,Aphid,30.5,70.5,106.5,48.5,4.05,3,high
Potato,Jassid,31.2,71.6,107.8,50.2,5.4,3,high
Potato,Whitefly,31.9,72.7,109.1,51.9,24,10,high
Sesame,Whitefly,32.6,73.8,20.4,53.6,1,5,low
Sesame,Jassid,33.3,74.9,21.7,55.3,0.45,1,low
Sesame,Thrips,34,76,23,57,3.75,5,low
Mango,Scales,34.7,77.1,24.3,58.7,47.5,50,low
Citrus,Whitefly,35.4,78.2,25.6,60.4,11,10,medium
Citrus,Aphid,36.1,79.3,26.9,62.1,6.75,5,high
Wheat,Aphid,36.8,80.4,28.2,63.8,45,25,high
Sugarcane,Whitefly,22.5,81.5,29.5,65.5,24,10,high
Cotton,Jassid,23.2,82.6,30.8,67.2,0.2,1,low
Cotton,Whitefly,23.9,83.7,32.1,68.9,2.25,5,low
Cotton,Thrips,24.6,84.8,33.4,70.6,6.75,9,low
Rice,Leaf Folder,25.3,85.9,34.7,72.3,1.9,2,low
Rice,Hispa,26,87,36,74,1.1,1,medium
Maize,Aphid,26.7,88.1,37.3,75.7,6.75,5,high
Maize,Jassid,27.4,89.2,38.6,77.4,9,5,high
Potato,Aphid,28.1,90.3,39.9,79.1,7.2,3,high
Potato,Jassid,28.8,91.4,41.2,80.8,0.6,3,low
Potato,Whitefly,29.5,92.5,42.5,82.5,4.5,10,low
Sesame,Whitefly,30.2,93.6,43.8,84.2,3.75,5,low
Sesame,Jassid,30.9,94.7,45.1,85.9,0.95,1,low
Sesame,Thrips,31.6,45.8,46.4,87.6,5.5,5,medium
Mango,Scales,32.3,46.9,47.7,89.3,67.5,50,high
Citrus,Whitefly,33,48,49,26,18,10,high
Citrus,Aphid,33.7,49.1,50.3,27.7,12,5,high
Wheat,Aphid,34.4,50.2,51.6,29.4,5,25,low
Sugarcane,Whitefly,35.1,51.3,52.9,31.1,4.5,10,low
Cotton,Jassid,35.8,52.4,54.2,32.8,0.75,1,low
Cotton,Whitefly,36.5,53.5,55.5,34.5,4.75,5,low
Cotton,Thrips,22.2,54.6,56.8,36.2,9.9,9,medium
Rice,Leaf Folder,22.9,55.7,58.1,37.9,2.7,2,high
Rice,Hispa,23.6,56.8,59.4,39.6,1.8,1,high
Maize,Aphid,24.3,57.9,60.7,41.3,12,5,high
Maize,Jassid,25,59,62,43,1,5,low
Potato,Aphid,25.7,60.1,63.3,44.7,1.35,3,low
Potato,Jassid,26.4,61.2,64.6,46.4,2.25,3,low
Potato,Whitefly,27.1,62.3,65.9,48.1,9.5,10,low
Sesame,Whitefly,27.8,63.4,67.2,49.8,5.5,5,medium
Sesame,Jassid,28.5,64.5,68.5,51.5,1.35,1,high
Sesame,Thrips,29.2,65.6,69.8,53.2,9,5,high
Mango,Scales,29.9,66.7,71.1,54.9,120,50,high
Citrus,Whitefly,30.6,67.8,72.4,56.6,2,10,low
Citrus,Aphid,31.3,68.9,73.7,58.3,2.25,5,low
Wheat,Aphid,32,70,75,60,18.75,25,low
Sugarcane,Whitefly,32.7,71.1,76.3,61.7,9.5,10,low
Cotton,Jassid,33.4,72.2,77.6,63.4,1.1,1,medium
Cotton,Whitefly,34.1,73.3,78.9,65.1,6.75,5,high
Cotton,Thrips,34.8,74.4,80.2,66.8,16.2,9,high
Rice,Leaf Folder,35.5,75.5,81.5,68.5,4.8,2,high
Rice,Hispa,36.2,76.6,82.8,70.2,0.2,1,low
Maize,Aphid,36.9,77.7,84.1,71.9,2.25,5,low
Maize,Jassid,22.6,78.8,85.4,73.6,3.75,5,low
Potato,Aphid,23.3,79.9,86.7,75.3,2.85,3,low
Potato,Jassid,24,81,88,77,3.3,3,medium
Potato,Whitefly,24.7,82.1,89.3,78.7,13.5,10,high
Sesame,Whitefly,25.4,83.2,90.6,80.4,9,5,high
Sesame,Jassid,26.1,84.3,91.9,82.1,2.4,1,high
Sesame,Thrips,26.8,85.4,93.2,83.8,1,5,low
Mango,Scales,27.5,86.5,94.5,85.5,22.5,50,low
Citrus,Whitefly,28.2,87.6,95.8,87.2,7.5,10,low
Citrus,Aphid,28.9,88.7,97.1,88.9,4.75,5,low
Wheat,Aphid,29.6,89.8,98.4,25.6,27.5,25,medium
Sugarcane,Whitefly,30.3,90.9,99.7,27.3,13.5,10,high
Cotton,Jassid,31,92,101,29,1.8,1,high
Cotton,Whitefly,31.7,93.1,102.3,30.7,12,5,high
Cotton,Thrips,32.4,94.2,103.6,32.4,1.8,9,low
Rice,Leaf Folder,33.1,45.3,104.9,34.1,0.9,2,low
Rice,Hispa,33.8,46.4,106.2,35.8,0.75,1,low
Maize,Aphid,34.5,47.5,107.5,37.5,4.75,5,low
Maize,Jassid,35.2,48.6,108.8,39.2,5.5,5,medium
Potato,Aphid,35.9,49.7,20.1,40.9,4.05,3,high
Potato,Jassid,36.6,50.8,21.4,42.6,5.4,3,high
Potato,Whitefly,22.3,51.9,22.7,44.3,24,10,high
Sesame,Whitefly,23,53,24,46,1,5,low
Sesame,Jassid,23.7,54.1,25.3,47.7,0.45,1,low
Sesame,Thrips,24.4,55.2,26.6,49.4,3.75,5,low
Mango,Scales,25.1,56.3,27.9,51.1,47.5,50,low
Citrus,Whitefly,25.8,57.4,29.2,52.8,11,10,medium
Citrus,Aphid,26.5,58.5,30.5,54.5,6.75,5,high
Wheat,Aphid,27.2,59.6,31.8,56.2,45,25,high
Sugarcane,Whitefly,27.9,60.7,33.1,57.9,24,10,high
Cotton,Jassid,28.6,61.8,34.4,59.6,0.2,1,low
Cotton,Whitefly,29.3,62.9,35.7,61.3,2.25,5,low
Cotton,Thrips,30,64,37,63,6.75,9,low
Rice,Leaf Folder,30.7,65.1,38.3,64.7,1.9,2,low
Rice,Hispa,31.4,66.2,39.6,66.4,1.1,1,medium
Maize,Aphid,32.1,67.3,40.9,68.1,6.75,5,high
Maize,Jassid,32.8,68.4,42.2,69.8,9,5,high
Potato,Aphid,33.5,69.5,43.5,71.5,7.2,3,high
Potato,Jassid,34.2,70.6,44.8,73.2,0.6,3,low
Potato,Whitefly,34.9,71.7,46.1,74.9,4.5,10,low
Sesame,Whitefly,35.6,72.8,47.4,76.6,3.75,5,low
Sesame,Jassid,36.3,73.9,48.7,78.3,0.95,1,low
Sesame,Thrips,22,75,50,80,5.5,5,medium
Mango,Scales,22.7,76.1,51.3,81.7,67.5,50,high
Citrus,Whitefly,23.4,77.2,52.6,83.4,18,10,high
Citrus,Aphid,24.1,78.3,53.9,85.1,12,5,high
Wheat,Aphid,24.8,79.4,55.2,86.8,5,25,low
Sugarcane,Whitefly,25.5,80.5,56.5,88.5,4.5,10,low
Cotton,Jassid,26.2,81.6,57.8,25.2,0.75,1,low
Cotton,Whitefly,26.9,82.7,59.1,26.9,4.75,5,low
Cotton,Thrips,27.6,83.8,60.4,28.6,9.9,9,medium
Rice,Leaf Folder,28.3,84.9,61.7,30.3,2.7,2,high
Rice,Hispa,29,86,63,32,1.8,1,high
Maize,Aphid,29.7,87.1,64.3,33.7,12,5,high
Maize,Jassid,30.4,88.2,65.6,35.4,1,5,low
Potato,Aphid,31.1,89.3,66.9,37.1,1.35,3,low
Potato,Jassid,31.8,90.4,68.2,38.8,2.25,3,low
Potato,Whitefly,32.5,91.5,69.5,40.5,9.5,10,low
Sesame,Whitefly,33.2,92.6,70.8,42.2,5.5,5,medium
Sesame,Jassid,33.9,93.7,72.1,43.9,1.35,1,high
Sesame,Thrips,34.6,94.8,73.4,45.6,9,5,high
Mango,Scales,35.3,45.9,74.7,47.3,120,50,high
Citrus,Whitefly,36,47,76,49,2,10,low
Citrus,Aphid,36.7,48.1,77.3,50.7,2.25,5,low
Wheat,Aphid,22.4,49.2,78.6,52.4,18.75,25,low
Sugarcane,Whitefly,23.1,50.3,79.9,54.1,9.5,10,low
Cotton,Jassid,23.8,51.4,81.2,55.8,1.1,1,medium
Cotton,Whitefly,24.5,52.5,82.5,57.5,6.75,5,high
Cotton,Thrips,25.2,53.6,83.8,59.2,16.2,9,high
Rice,Leaf Folder,25.9,54.7,85.1,60.9,4.8,2,high
Rice,Hispa,26.6,55.8,86.4,62.6,0.2,1,low
Maize,Aphid,27.3,56.9,87.7,64.3,2.25,5,low
Maize,Jassid,28,58,89,66,3.75,5,low
Potato,Aphid,28.7,59.1,90.3,67.7,2.85,3,low
Potato,Jassid,29.4,60.2,91.6,69.4,3.3,3,medium
Potato,Whitefly,30.1,61.3,92.9,71.1,13.5,10,high
Sesame,Whitefly,30.8,62.4,94.2,72.8,9,5,high
Sesame,Jassid,31.5,63.5,95.5,74.5,2.4,1,high
Sesame,Thrips,32.2,64.6,96.8,76.2,1,5,low
Mango,Scales,32.9,65.7,98.1,77.9,22.5,50,low
Citrus,Whitefly,33.6,66.8,99.4,79.6,7.5,10,low
Citrus,Aphid,34.3,67.9,100.7,81.3,4.75,5,low
Wheat,Aphid,35,69,102,83,27.5,25,medium
Sugarcane,Whitefly,35.7,70.1,103.3,84.7,13.5,10,high
Cotton,Jassid,36.4,71.2,104.6,86.4,1.8,1,high
Cotton,Whitefly,22.1,72.3,105.9,88.1,12,5,high
Cotton,Thrips,22.8,73.4,107.2,89.8,1.8,9,low
Rice,Leaf Folder,23.5,74.5,108.5,26.5,0.9,2,low
Rice,Hispa,24.2,75.6,109.8,28.2,0.75,1,low
Maize,Aphid,24.9,76.7,21.1,29.9,4.75,5,low
Maize,Jassid,25.6,77.8,22.4,31.6,5.5,5,medium
Potato,Aphid,26.3,78.9,23.7,33.3,4.05,3,high
Potato,Jassid,27,80,25,35,5.4,3,high
Potato,Whitefly,27.7,81.1,26.3,36.7,24,10,high
Sesame,Whitefly,28.4,82.2,27.6,38.4,1,5,low
Sesame,Jassid,29.1,83.3,28.9,40.1,0.45,1,low
Sesame,Thrips,29.8,84.4,30.2,41.8,3.75,5,low
Mango,Scales,30.5,85.5,31.5,43.5,47.5,50,low
Citrus,Whitefly,31.2,86.6,32.8,45.2,11,10,medium
Citrus,Aphid,31.9,87.7,34.1,46.9,6.75,5,high
Wheat,Aphid,32.6,88.8,35.4,48.6,45,25,high
Sugarcane,Whitefly,33.3,89.9,36.7,50.3,24,10,high
Cotton,Jassid,34,91,38,52,0.2,1,low
Cotton,Whitefly,34.7,92.1,39.3,53.7,2.25,5,low
Cotton,Thrips,35.4,93.2,40.6,55.4,6.75,9,low
Rice,Leaf Folder,36.1,94.3,41.9,57.1,1.9,2,low
Rice,Hispa,36.8,45.4,43.2,58.8,1.1,1,medium
Maize,Aphid,22.5,46.5,44.5,60.5,6.75,5,high
Maize,Jassid,23.2,47.6,45.8,62.2,9,5,high
Potato,Aphid,23.9,48.7,47.1,63.9,7.2,3,high
Potato,Jassid,24.6,49.8,48.4,65.6,0.6,3,low
Potato,Whitefly,25.3,50.9,49.7,67.3,4.5,10,low
Sesame,Whitefly,26,52,51,69,3.75,5,low
Sesame,Jassid,26.7,53.1,52.3,70.7,0.95,1,low
Sesame,Thrips,27.4,54.2,53.6,72.4,5.5,5,medium
Mango,Scales,28.1,55.3,54.9,74.1,67.5,50,high
Citrus,Whitefly,28.8,56.4,56.2,75.8,18,10,high
Citrus,Aphid,29.5,57.5,57.5,77.5,12,5,high
Wheat,Aphid,30.2,58.6,58.8,79.2,5,25,low
Sugarcane,Whitefly,30.9,59.7,60.1,80.9,4.5,10,low
Cotton,Jassid,31.6,60.8,61.4,82.6,0.75,1,low
Cotton,Whitefly,32.3,61.9,62.7,84.3,4.75,5,low
Cotton,Thrips,33,63,64,86,9.9,9,medium
Rice,Leaf Folder,33.7,64.1,65.3,87.7,2.7,2,high
Rice,Hispa,34.4,65.2,66.6,89.4,1.8,1,high
Maize,Aphid,35.1,66.3,67.9,26.1,12,5,high
Maize,Jassid,35.8,67.4,69.2,27.8,1,5,low
Potato,Aphid,36.5,68.5,70.5,29.5,1.35,3,low
Potato,Jassid,22.2,69.6,71.8,31.2,2.25,3,low
Potato,Whitefly,22.9,70.7,73.1,32.9,9.5,10,low
Sesame,Whitefly,23.6,71.8,74.4,34.6,5.5,5,medium
Sesame,Jassid,24.3,72.9,75.7,36.3,1.35,1,high
Sesame,Thrips,25,74,77,38,9,5,high
Mango,Scales,25.7,75.1,78.3,39.7,120,50,high
Citrus,Whitefly,26.4,76.2,79.6,41.4,2,10,low
Citrus,Aphid,27.1,77.3,80.9,43.1,2.25,5,low
Wheat,Aphid,27.8,78.4,82.2,44.8,18.75,25,low
Sugarcane,Whitefly,28.5,79.5,83.5,46.5,9.5,10,low
Cotton,Jassid,29.2,80.6,84.8,48.2,1.1,1,medium
Cotton,Whitefly,29.9,81.7,86.1,49.9,6.75,5,high
Cotton,Thrips,30.6,82.8,87.4,51.6,16.2,9,high
Rice,Leaf Folder,31.3,83.9,88.7,53.3,4.8,2,high
Rice,Hispa,32,85,90,55,0.2,1,low
Maize,Aphid,32.7,86.1,91.3,56.7,2.25,5,low
Maize,Jassid,33.4,87.2,92.6,58.4,3.75,5,low
Potato,Aphid,34.1,88.3,93.9,60.1,2.85,3,low
Potato,Jassid,34.8,89.4,95.2,61.8,3.3,3,medium
Potato,Whitefly,35.5,90.5,96.5,63.5,13.5,10,high
Sesame,Whitefly,36.2,91.6,97.8,65.2,9,5,high
Sesame,Jassid,36.9,92.7,99.1,66.9,2.4,1,high
Sesame,Thrips,22.6,93.8,100.4,68.6,1,5,low
Mango,Scales,23.3,94.9,101.7,70.3,22.5,50,low
Citrus,Whitefly,24,46,103,72,7.5,10,low
Citrus,Aphid,24.7,47.1,104.3,73.7,4.75,5,low
Wheat,Aphid,25.4,48.2,105.6,75.4,27.5,25,medium
Sugarcane,Whitefly,26.1,49.3,106.9,77.1,13.5,10,high
Cotton,Jassid,26.8,50.4,108.2,78.8,1.8,1,high
Cotton,Whitefly,27.5,51.5,109.5,80.5,12,5,high
Cotton,Thrips,28.2,52.6,20.8,82.2,1.8,9,low
Rice,Leaf Folder,28.9,53.7,22.1,83.9,0.9,2,low
Rice,Hispa,29.6,54.8,23.4,85.6,0.75,1,low
Maize,Aphid,30.3,55.9,24.7,87.3,4.75,5,low
Maize,Jassid,31,57,26,89,5.5,5,medium
Potato,Aphid,31.7,58.1,27.3,25.7,4.05,3,high
Potato,Jassid,32.4,59.2,28.6,27.4,5.4,3,high
Potato,Whitefly,33.1,60.3,29.9,29.1,24,10,high
Sesame,Whitefly,33.8,61.4,31.2,30.8,1,5,low
Sesame,Jassid,34.5,62.5,32.5,32.5,0.45,1,low
Sesame,Thrips,35.2,63.6,33.8,34.2,3.75,5,low
Mango,Scales,35.9,64.7,35.1,35.9,47.5,50,low
Citrus,Whitefly,36.6,65.8,36.4,37.6,11,10,medium
Citrus,Aphid,22.3,66.9,37.7,39.3,6.75,5,high
Wheat,Aphid,23,68,39,41,45,25,high
Sugarcane,Whitefly,23.7,69.1,40.3,42.7,24,10,high
Cotton,Jassid,24.4,70.2,41.6,44.4,0.2,1,low
Cotton,Whitefly,25.1,71.3,42.9,46.1,2.25,5,low
Cotton,Thrips,25.8,72.4,44.2,47.8,6.75,9,low
Rice,Leaf Folder,26.5,73.5,45.5,49.5,1.9,2,low
Rice,Hispa,27.2,74.6,46.8,51.2,1.1,1,medium
Maize,Aphid,27.9,75.7,48.1,52.9,6.75,5,high
Maize,Jassid,28.6,76.8,49.4,54.6,9,5,high
Potato,Aphid,29.3,77.9,50.7,56.3,7.2,3,high
Potato,Jassid,30,79,52,58,0.6,3,low
Potato,Whitefly,30.7,80.1,53.3,59.7,4.5,10,low
Sesame,Whitefly,31.4,81.2,54.6,61.4,3.75,5,low
Sesame,Jassid,32.1,82.3,55.9,63.1,0.95,1,low
Sesame,Thrips,32.8,83.4,57.2,64.8,5.5,5,medium
Mango,Scales,33.5,84.5,58.5,66.5,67.5,50,high
Citrus,Whitefly,34.2,85.6,59.8,68.2,18,10,high
Citrus,Aphid,34.9,86.7,61.1,69.9,12,5,high
Wheat,Aphid,35.6,87.8,62.4,71.6,5,25,low
Sugarcane,Whitefly,36.3,88.9,63.7,73.3,4.5,10,low
Cotton,Jassid,22,90,65,75,0.75,1,low
Cotton,Whitefly,22.7,91.1,66.3,76.7,4.75,5,low
Cotton,Thrips,23.4,92.2,67.6,78.4,9.9,9,medium
Rice,Leaf Folder,24.1,93.3,68.9,80.1,2.7,2,high
Rice,Hispa,24.8,94.4,70.2,81.8,1.8,1,high
Maize,Aphid,25.5,45.5,71.5,83.5,12,5,high
Maize,Jassid,26.2,46.6,72.8,85.2,1,5,low
Potato,Aphid,26.9,47.7,74.1,86.9,1.35,3,low
Potato,Jassid,27.6,48.8,75.4,88.6,2.25,3,low
Potato,Whitefly,28.3,49.9,76.7,25.3,9.5,10,low
Sesame,Whitefly,29,51,78,27,5.5,5,medium
Sesame,Jassid,29.7,52.1,79.3,28.7,1.35,1,high
Sesame,Thrips,30.4,53.2,80.6,30.4,9,5,high
Mango,Scales,31.1,54.3,81.9,32.1,120,50,high
Citrus,Whitefly,31.8,55.4,83.2,33.8,2,10,low
Citrus,Aphid,32.5,56.5,84.5,35.5,2.25,5,low
Wheat,Aphid,33.2,57.6,85.8,37.2,18.75,25,low
Sugarcane,Whitefly,33.9,58.7,87.1,38.9,9.5,10,low
Cotton,Jassid,34.6,59.8,88.4,40.6,1.1,1,medium
Cotton,Whitefly,35.3,60.9,89.7,42.3,6.75,5,high
Cotton,Thrips,36,62,91,44,16.2,9,high
Rice,Leaf Folder,36.7,63.1,92.3,45.7,4.8,2,high
Rice,Hispa,22.4,64.2,93.6,47.4,0.2,1,low
Maize,Aphid,23.1,65.3,94.9,49.1,2.25,5,low
Maize,Jassid,23.8,66.4,96.2,50.8,3.75,5,low
Potato,Aphid,24.5,67.5,97.5,52.5,2.85,3,low
Potato,Jassid,25.2,68.6,98.8,54.2,3.3,3,medium
Potato,Whitefly,25.9,69.7,100.1,55.9,13.5,10,high
Sesame,Whitefly,26.6,70.8,101.4,57.6,9,5,high
Sesame,Jassid,27.3,71.9,102.7,59.3,2.4,1,high
Sesame,Thrips,28,73,104,61,1,5,low
Mango,Scales,28.7,74.1,105.3,62.7,22.5,50,low
Citrus,Whitefly,29.4,75.2,106.6,64.4,7.5,10,low
Citrus,Aphid,30.1,76.3,107.9,66.1,4.75,5,low
Wheat,Aphid,30.8,77.4,109.2,67.8,27.5,25,medium
Sugarcane,Whitefly,31.5,78.5,20.5,69.5,13.5,10,high
Cotton,Jassid,32.2,79.6,21.8,71.2,1.8,1,high
Cotton,Whitefly,32.9,80.7,23.1,72.9,12,5,high
Cotton,Thrips,33.6,81.8,24.4,74.6,1.8,9,low
Rice,Leaf Folder,34.3,82.9,25.7,76.3,0.9,2,low
Rice,Hispa,35,84,27,78,0.75,1,low
Maize,Aphid,35.7,85.1,28.3,79.7,4.75,5,low
Maize,Jassid,36.4,86.2,29.6,81.4,5.5,5,medium
Potato,Aphid,22.1,87.3,30.9,83.1,4.05,3,high
Potato,Jassid,22.8,88.4,32.2,84.8,5.4,3,high
Potato,Whitefly,23.5,89.5,33.5,86.5,24,10,high
Sesame,Whitefly,24.2,90.6,34.8,88.2,1,5,low
Sesame,Jassid,24.9,91.7,36.1,89.9,0.45,1,low
Sesame,Thrips,25.6,92.8,37.4,26.6,3.75,5,low
Mango,Scales,26.3,93.9,38.7,28.3,47.5,50,low
Citrus,Whitefly,27,45,40,30,11,10,medium
Citrus,Aphid,27.7,46.1,41.3,31.7,6.75,5,high
Wheat,Aphid,28.4,47.2,42.6,33.4,45,25,high
Sugarcane,Whitefly,29.1,48.3,43.9,35.1,24,10,high
Cotton,Jassid,29.8,49.4,45.2,36.8,0.2,1,low
Cotton,Whitefly,30.5,50.5,46.5,38.5,2.25,5,low
Cotton,Thrips,31.2,51.6,47.8,40.2,6.75,9,low
Rice,Leaf Folder,31.9,52.7,49.1,41.9,1.9,2,low
Rice,Hispa,32.6,53.8,50.4,43.6,1.1,1,medium
Maize,Aphid,33.3,54.9,51.7,45.3,6.75,5,high
Maize,Jassid,34,56,53,47,9,5,high
Potato,Aphid,34.7,57.1,54.3,48.7,7.2,3,high
Potato,Jassid,35.4,58.2,55.6,50.4,0.6,3,low
Potato,Whitefly,36.1,59.3,56.9,52.1,4.5,10,low
Sesame,Whitefly,36.8,60.4,58.2,53.8,3.75,5,low
Sesame,Jassid,22.5,61.5,59.5,55.5,0.95,1,low
Sesame,Thrips,23.2,62.6,60.8,57.2,5.5,5,medium
Mango,Scales,23.9,63.7,62.1,58.9,67.5,50,high
Citrus,Whitefly,24.6,64.8,63.4,60.6,18,10,high
Citrus,Aphid,25.3,65.9,64.7,62.3,12,5,high
Wheat,Aphid,26,67,66,64,5,25,low
Sugarcane,Whitefly,26.7,68.1,67.3,65.7,4.5,10,low
Cotton,Jassid,27.4,69.2,68.6,67.4,0.75,1,low
Cotton,Whitefly,28.1,70.3,69.9,69.1,4.75,5,low
Cotton,Thrips,28.8,71.4,71.2,70.8,9.9,9,medium
Rice,Leaf Folder,29.5,72.5,72.5,72.5,2.7,2,high
Rice,Hispa,30.2,73.6,73.8,74.2,1.8,1,high
Maize,Aphid,30.9,74.7,75.1,75.9,12,5,high
Maize,Jassid,31.6,75.8,76.4,77.6,1,5,low
Potato,Aphid,32.3,76.9,77.7,79.3,1.35,3,low
Potato,Jassid,33,78,79,81,2.25,3,low
Potato,Whitefly,33.7,79.1,80.3,82.7,9.5,10,low
Sesame,Whitefly,34.4,80.2,81.6,84.4,5.5,5,medium
Sesame,Jassid,35.1,81.3,82.9,86.1,1.35,1,high
Sesame,Thrips,35.8,82.4,84.2,87.8,9,5,high
Mango,Scales,36.5,83.5,85.5,89.5,120,50,high
Citrus,Whitefly,22.2,84.6,86.8,26.2,2,10,low
Citrus,Aphid,22.9,85.7,88.1,27.9,2.25,5,low
Wheat,Aphid,23.6,86.8,89.4,29.6,18.75,25,low
Sugarcane,Whitefly,24.3,87.9,90.7,31.3,9.5,10,low
Cotton,Jassid,25,89,92,33,1.1,1,medium
Cotton,Whitefly,25.7,90.1,93.3,34.7,6.75,5,high
Cotton,Thrips,26.4,91.2,94.6,36.4,16.2,9,high
Rice,Leaf Folder,27.1,92.3,95.9,38.1,4.8,2,high
Rice,Hispa,27.8,93.4,97.2,39.8,0.2,1,low
Maize,Aphid,28.5,94.5,98.5,41.5,2.25,5,low
Maize,Jassid,29.2,45.6,99.8,43.2,3.75,5,low
Potato,Aphid,29.9,46.7,101.1,44.9,2.85,3,low
Potato,Jassid,30.6,47.8,102.4,46.6,3.3,3,medium
Potato,Whitefly,31.3,48.9,103.7,48.3,13.5,10,high
Sesame,Whitefly,32,50,105,50,9,5,high
Sesame,Jassid,32.7,51.1,106.3,51.7,2.4,1,high
Sesame,Thrips,33.4,52.2,107.6,53.4,1,5,low
Mango,Scales,34.1,53.3,108.9,55.1,22.5,50,low
Citrus,Whitefly,34.8,54.4,20.2,56.8,7.5,10,low
Citrus,Aphid,35.5,55.5,21.5,58.5,4.75,5,low
Wheat,Aphid,36.2,56.6,22.8,60.2,27.5,25,medium
Sugarcane,Whitefly,36.9,57.7,24.1,61.9,13.5,10,high
Cotton,Jassid,22.6,58.8,25.4,63.6,1.8,1,high
Cotton,Whitefly,23.3,59.9,26.7,65.3,12,5,high
Cotton,Thrips,24,61,28,67,1.8,9,low
Rice,Leaf Folder,24.7,62.1,29.3,68.7,0.9,2,low
Rice,Hispa,25.4,63.2,30.6,70.4,0.75,1,low
Maize,Aphid,26.1,64.3,31.9,72.1,4.75,5,low
Maize,Jassid,26.8,65.4,33.2,73.8,5.5,5,medium
Potato,Aphid,27.5,66.5,34.5,75.5,4.05,3,high
Potato,Jassid,28.2,67.6,35.8,77.2,5.4,3,high
Potato,Whitefly,28.9,68.7,37.1,78.9,24,10,high
Sesame,Whitefly,29.6,69.8,38.4,80.6,1,5,low
Sesame,Jassid,30.3,70.9,39.7,82.3,0.45,1,low
Sesame,Thrips,31,72,41,84,3.75,5,low
Mango,Scales,31.7,73.1,42.3,85.7,47.5,50,low
Citrus,Whitefly,32.4,74.2,43.6,87.4,11,10,medium
Citrus,Aphid,33.1,75.3,44.9,89.1,6.75,5,high
Wheat,Aphid,33.8,76.4,46.2,25.8,45,25,high
Sugarcane,Whitefly,34.5,77.5,47.5,27.5,24,10,high
Cotton,Jassid,35.2,78.6,48.8,29.2,0.2,1,low
Cotton,Whitefly,35.9,79.7,50.1,30.9,2.25,5,low
Cotton,Thrips,36.6,80.8,51.4,32.6,6.75,9,low
Rice,Leaf Folder,22.3,81.9,52.7,34.3,1.9,2,low
Rice,Hispa,23,83,54,36,1.1,1,medium
Maize,Aphid,23.7,84.1,55.3,37.7,6.75,5,high
Maize,Jassid,24.4,85.2,56.6,39.4,9,5,high
Potato,Aphid,25.1,86.3,57.9,41.1,7.2,3,high
Potato,Jassid,25.8,87.4,59.2,42.8,0.6,3,low
Potato,Whitefly,26.5,88.5,60.5,44.5,4.5,10,low
Sesame,Whitefly,27.2,89.6,61.8,46.2,3.75,5,low
Sesame,Jassid,27.9,90.7,63.1,47.9,0.95,1,low
Sesame,Thrips,28.6,91.8,64.4,49.6,5.5,5,medium
Mango,Scales,29.3,92.9,65.7,51.3,67.5,50,high
Citrus,Whitefly,30,94,67,53,18,10,high
Citrus,Aphid,30.7,45.1,68.3,54.7,12,5,high
Wheat,Aphid,31.4,46.2,69.6,56.4,5,25,low
Sugarcane,Whitefly,32.1,47.3,70.9,58.1,4.5,10,low
Cotton,Jassid,32.8,48.4,72.2,59.8,0.75,1,low
Cotton,Whitefly,33.5,49.5,73.5,61.5,4.75,5,low
Cotton,Thrips,34.2,50.6,74.8,63.2,9.9,9,medium
Rice,Leaf Folder,34.9,51.7,76.1,64.9,2.7,2,high
Rice,Hispa,35.6,52.8,77.4,66.6,1.8,1,high
Maize,Aphid,36.3,53.9,78.7,68.3,12,5,high
Maize,Jassid,22,55,80,70,1,5,low
Potato,Aphid,22.7,56.1,81.3,71.7,1.35,3,low
Potato,Jassid,23.4,57.2,82.6,73.4,2.25,3,low
Potato,Whitefly,24.1,58.3,83.9,75.1,9.5,10,low
Sesame,Whitefly,24.8,59.4,85.2,76.8,5.5,5,medium
Sesame,Jassid,25.5,60.5,86.5,78.5,1.35,1,high
Sesame,Thrips,26.2,61.6,87.8,80.2,9,5,high
Mango,Scales,26.9,62.7,89.1,81.9,120,50,high
Citrus,Whitefly,27.6,63.8,90.4,83.6,2,10,low
Citrus,Aphid,28.3,64.9,91.7,85.3,2.25,5,low
Wheat,Aphid,29,66,93,87,18.75,25,low
Sugarcane,Whitefly,29.7,67.1,94.3,88.7,9.5,10,low
Cotton,Jassid,30.4,68.2,95.6,25.4,1.1,1,medium
Cotton,Whitefly,31.1,69.3,96.9,27.1,6.75,5,high
Cotton,Thrips,31.8,70.4,98.2,28.8,16.2,9,high
Rice,Leaf Folder,32.5,71.5,99.5,30.5,4.8,2,high
Rice,Hispa,33.2,72.6,100.8,32.2,0.2,1,low
Maize,Aphid,33.9,73.7,102.1,33.9,2.25,5,low
Maize,Jassid,34.6,74.8,103.4,35.6,3.75,5,low
Potato,Aphid,35.3,75.9,104.7,37.3,2.85,3,low
Potato,Jassid,36,77,106,39,3.3,3,medium
Potato,Whitefly,36.7,78.1,107.3,40.7,13.5,10,high
Sesame,Whitefly,22.4,79.2,108.6,42.4,9,5,high
Sesame,Jassid,23.1,80.3,109.9,44.1,2.4,1,high
Sesame,Thrips,23.8,81.4,21.2,45.8,1,5,low
Mango,Scales,24.5,82.5,22.5,47.5,22.5,50,low
Citrus,Whitefly,25.2,83.6,23.8,49.2,7.5,10,low
Citrus,Aphid,25.9,84.7,25.1,50.9,4.75,5,low
Wheat,Aphid,26.6,85.8,26.4,52.6,27.5,25,medium
Sugarcane,Whitefly,27.3,86.9,27.7,54.3,13.5,10,high
Cotton,Jassid,28,88,29,56,1.8,1,high
Cotton,Whitefly,28.7,89.1,30.3,57.7,12,5,high
Cotton,Thrips,29.4,90.2,31.6,59.4,1.8,9,low
Rice,Leaf Folder,30.1,91.3,32.9,61.1,0.9,2,low
Rice,Hispa,30.8,92.4,34.2,62.8,0.75,1,low
Maize,Aphid,31.5,93.5,35.5,64.5,4.75,5,low
Maize,Jassid,32.2,94.6,36.8,66.2,5.5,5,medium
Potato,Aphid,32.9,45.7,38.1,67.9,4.05,3,high
Potato,Jassid,33.6,46.8,39.4,69.6,5.4,3,high
Potato,Whitefly,34.3,47.9,40.7,71.3,24,10,high
Sesame,Whitefly,35,49,42,73,1,5,low
Sesame,Jassid,35.7,50.1,43.3,74.7,0.45,1,low
Sesame,Thrips,36.4,51.2,44.6,76.4,3.75,5,low
Mango,Scales,22.1,52.3,45.9,78.1,47.5,50,low
Citrus,Whitefly,22.8,53.4,47.2,79.8,11,10,medium
Citrus,Aphid,23.5,54.5,48.5,81.5,6.75,5,high
Wheat,Aphid,24.2,55.6,49.8,83.2,45,25,high
Sugarcane,Whitefly,24.9,56.7,51.1,84.9,24,10,high
Cotton,Jassid,25.6,57.8,52.4,86.6,0.2,1,low
Cotton,Whitefly,26.3,58.9,53.7,88.3,2.25,5,low
Cotton,Thrips,27,60,55,25,6.75,9,low
Rice,Leaf Folder,27.7,61.1,56.3,26.7,1.9,2,low
Rice,Hispa,28.4,62.2,57.6,28.4,1.1,1,medium
Maize,Aphid,29.1,63.3,58.9,30.1,6.75,5,high
Maize,Jassid,29.8,64.4,60.2,31.8,9,5,high
Potato,Aphid,30.5,65.5,61.5,33.5,7.2,3,high
Potato,Jassid,31.2,66.6,62.8,35.2,0.6,3,low
Potato,Whitefly,31.9,67.7,64.1,36.9,4.5,10,low
Sesame,Whitefly,32.6,68.8,65.4,38.6,3.75,5,low
Sesame,Jassid,33.3,69.9,66.7,40.3,0.95,1,low
Sesame,Thrips,34,71,68,42,5.5,5,medium
Mango,Scales,34.7,72.1,69.3,43.7,67.5,50,high
Citrus,Whitefly,35.4,73.2,70.6,45.4,18,10,high
Citrus,Aphid,36.1,74.3,71.9,47.1,12,5,high
Wheat,Aphid,36.8,75.4,73.2,48.8,5,25,low
Sugarcane,Whitefly,22.5,76.5,74.5,50.5,4.5,10,low
Cotton,Jassid,23.2,77.6,75.8,52.2,0.75,1,low
Cotton,Whitefly,23.9,78.7,77.1,53.9,4.75,5,low
Cotton,Thrips,24.6,79.8,78.4,55.6,9.9,9,medium
Rice,Leaf Folder,25.3,80.9,79.7,57.3,2.7,2,high
Rice,Hispa,26,82,81,59,1.8,1,high
Maize,Aphid,26.7,83.1,82.3,60.7,12,5,high
Maize,Jassid,27.4,84.2,83.6,62.4,1,5,low
Potato,Aphid,28.1,85.3,84.9,64.1,1.35,3,low
Potato,Jassid,28.8,86.4,86.2,65.8,2.25,3,low
Potato,Whitefly,29.5,87.5,87.5,67.5,9.5,10,low
Sesame,Whitefly,30.2,88.6,88.8,69.2,5.5,5,medium
Sesame,Jassid,30.9,89.7,90.1,70.9,1.35,1,high
Sesame,Thrips,31.6,90.8,91.4,72.6,9,5,high
Mango,Scales,32.3,91.9,92.7,74.3,120,50,high
Citrus,Whitefly,33,93,94,76,2,10,low
Citrus,Aphid,33.7,94.1,95.3,77.7,2.25,5,low
Wheat,Aphid,34.4,45.2,96.6,79.4,18.75,25,low
Sugarcane,Whitefly,35.1,46.3,97.9,81.1,9.5,10,low
Cotton,Jassid,35.8,47.4,99.2,82.8,1.1,1,medium
Cotton,Whitefly,36.5,48.5,100.5,84.5,6.75,5,high
Cotton,Thrips,22.2,49.6,101.8,86.2,16.2,9,high
Rice,Leaf Folder,22.9,50.7,103.1,87.9,4.8,2,high
Rice,Hispa,23.6,51.8,104.4,89.6,0.2,1,low
Maize,Aphid,24.3,52.9,105.7,26.3,2.25,5,low
Maize,Jassid,25,54,107,28,3.75,5,low
Potato,Aphid,25.7,55.1,108.3,29.7,2.85,3,low
Potato,Jassid,26.4,56.2,109.6,31.4,3.3,3,medium
Potato,Whitefly,27.1,57.3,20.9,33.1,13.5,10,high
Sesame,Whitefly,27.8,58.4,22.2,34.8,9,5,high
Sesame,Jassid,28.5,59.5,23.5,36.5,2.4,1,high
Sesame,Thrips,29.2,60.6,24.8,38.2,1,5,low
Mango,Scales,29.9,61.7,26.1,39.9,22.5,50,low
Citrus,Whitefly,30.6,62.8,27.4,41.6,7.5,10,low
Citrus,Aphid,31.3,63.9,28.7,43.3,4.75,5,low
Wheat,Aphid,32,65,30,45,27.5,25,medium
Sugarcane,Whitefly,32.7,66.1,31.3,46.7,13.5,10,high
Cotton,Jassid,33.4,67.2,32.6,48.4,1.8,1,high
Cotton,Whitefly,34.1,68.3,33.9,50.1,12,5,high
Cotton,Thrips,34.8,69.4,35.2,51.8,1.8,9,low
Rice,Leaf Folder,35.5,70.5,36.5,53.5,0.9,2,low
Rice,Hispa,36.2,71.6,37.8,55.2,0.75,1,low
Maize,Aphid,36.9,72.7,39.1,56.9,4.75,5,low
Maize,Jassid,22.6,73.8,40.4,58.6,5.5,5,medium
Potato,Aphid,23.3,74.9,41.7,60.3,4.05,3,high
Potato,Jassid,24,76,43,62,5.4,3,high
Potato,Whitefly,24.7,77.1,44.3,63.7,24,10,high
Sesame,Whitefly,25.4,78.2,45.6,65.4,1,5,low
Sesame,Jassid,26.1,79.3,46.9,67.1,0.45,1,low
Sesame,Thrips,26.8,80.4,48.2,68.8,3.75,5,low
Mango,Scales,27.5,81.5,49.5,70.5,47.5,50,low
Citrus,Whitefly,28.2,82.6,50.8,72.2,11,10,medium
Citrus,Aphid,28.9,83.7,52.1,73.9,6.75,5,high
Wheat,Aphid,29.6,84.8,53.4,75.6,45,25,high
Sugarcane,Whitefly,30.3,85.9,54.7,77.3,24,10,high
